<?xml version="1.0" encoding="UTF-8"?>
<project-private xmlns="http://www.netbeans.org/ns/project-private/1">
    <editor-bookmarks xmlns="http://www.netbeans.org/ns/editor-bookmarks/2" lastBookmarkId="1">
        <file>
            <url>Jesse.txt</url>
            <bookmark id="1">
                <name/>
                <line>0</line>
                <key/>
            </bookmark>
        </file>
    </editor-bookmarks>
    <open-files xmlns="http://www.netbeans.org/ns/projectui-open-files/2">
        <group>
            <file>file:/C:/Users/Studio20-10/Documents/NetBeansProjects/LibraryManagement/src/librarymanagement/LibraryManagement.java</file>
            <file>file:/C:/Users/Studio20-10/Documents/NetBeansProjects/LibraryManagement/src/librarymanagement/MainFrame.java</file>
        </group>
    </open-files>
</project-private>
